date_id,full_date,year,month_number,month_name,quarter,week_number,day_of_week,is_weekend,is_uk_bank_holiday,uk_trading_calendar
1,2023-01-01,2023,1,January,1,52,Sunday,True,False,Standard-Trading-Day
2,2023-01-02,2023,1,January,1,1,Monday,False,True,Bank-Holiday
3,2023-01-03,2023,1,January,1,1,Tuesday,False,False,Standard-Trading-Day
4,2023-01-04,2023,1,January,1,1,Wednesday,False,False,Standard-Trading-Day
5,2023-01-05,2023,1,January,1,1,Thursday,False,False,Standard-Trading-Day
6,2023-01-06,2023,1,January,1,1,Friday,False,False,Standard-Trading-Day
7,2023-01-07,2023,1,January,1,1,Saturday,True,False,Standard-Trading-Day
8,2023-01-08,2023,1,January,1,1,Sunday,True,False,Standard-Trading-Day
9,2023-01-09,2023,1,January,1,2,Monday,False,False,Standard-Trading-Day
10,2023-01-10,2023,1,January,1,2,Tuesday,False,False,Standard-Trading-Day
11,2023-01-11,2023,1,January,1,2,Wednesday,False,False,Standard-Trading-Day
12,2023-01-12,2023,1,January,1,2,Thursday,False,False,Standard-Trading-Day
13,2023-01-13,2023,1,January,1,2,Friday,False,False,Standard-Trading-Day
14,2023-01-14,2023,1,January,1,2,Saturday,True,False,Standard-Trading-Day
15,2023-01-15,2023,1,January,1,2,Sunday,True,False,Standard-Trading-Day
16,2023-01-16,2023,1,January,1,3,Monday,False,False,Standard-Trading-Day
17,2023-01-17,2023,1,January,1,3,Tuesday,False,False,Standard-Trading-Day
18,2023-01-18,2023,1,January,1,3,Wednesday,False,False,Standard-Trading-Day
19,2023-01-19,2023,1,January,1,3,Thursday,False,False,Standard-Trading-Day
20,2023-01-20,2023,1,January,1,3,Friday,False,False,Standard-Trading-Day
21,2023-01-21,2023,1,January,1,3,Saturday,True,False,Standard-Trading-Day
22,2023-01-22,2023,1,January,1,3,Sunday,True,False,Standard-Trading-Day
23,2023-01-23,2023,1,January,1,4,Monday,False,False,Standard-Trading-Day
24,2023-01-24,2023,1,January,1,4,Tuesday,False,False,Standard-Trading-Day
25,2023-01-25,2023,1,January,1,4,Wednesday,False,False,Standard-Trading-Day
26,2023-01-26,2023,1,January,1,4,Thursday,False,False,Standard-Trading-Day
27,2023-01-27,2023,1,January,1,4,Friday,False,False,Standard-Trading-Day
28,2023-01-28,2023,1,January,1,4,Saturday,True,False,Standard-Trading-Day
29,2023-01-29,2023,1,January,1,4,Sunday,True,False,Standard-Trading-Day
30,2023-01-30,2023,1,January,1,5,Monday,False,False,Standard-Trading-Day
31,2023-01-31,2023,1,January,1,5,Tuesday,False,False,Standard-Trading-Day
32,2023-02-01,2023,2,February,1,5,Wednesday,False,False,Standard-Trading-Day
33,2023-02-02,2023,2,February,1,5,Thursday,False,False,Standard-Trading-Day
34,2023-02-03,2023,2,February,1,5,Friday,False,False,Standard-Trading-Day
35,2023-02-04,2023,2,February,1,5,Saturday,True,False,Standard-Trading-Day
36,2023-02-05,2023,2,February,1,5,Sunday,True,False,Standard-Trading-Day
37,2023-02-06,2023,2,February,1,6,Monday,False,False,Standard-Trading-Day
38,2023-02-07,2023,2,February,1,6,Tuesday,False,False,Standard-Trading-Day
39,2023-02-08,2023,2,February,1,6,Wednesday,False,False,Standard-Trading-Day
40,2023-02-09,2023,2,February,1,6,Thursday,False,False,Standard-Trading-Day
41,2023-02-10,2023,2,February,1,6,Friday,False,False,Standard-Trading-Day
42,2023-02-11,2023,2,February,1,6,Saturday,True,False,Standard-Trading-Day
43,2023-02-12,2023,2,February,1,6,Sunday,True,False,Standard-Trading-Day
44,2023-02-13,2023,2,February,1,7,Monday,False,False,Standard-Trading-Day
45,2023-02-14,2023,2,February,1,7,Tuesday,False,False,Standard-Trading-Day
46,2023-02-15,2023,2,February,1,7,Wednesday,False,False,Standard-Trading-Day
47,2023-02-16,2023,2,February,1,7,Thursday,False,False,Standard-Trading-Day
48,2023-02-17,2023,2,February,1,7,Friday,False,False,Standard-Trading-Day
49,2023-02-18,2023,2,February,1,7,Saturday,True,False,Standard-Trading-Day
50,2023-02-19,2023,2,February,1,7,Sunday,True,False,Standard-Trading-Day
51,2023-02-20,2023,2,February,1,8,Monday,False,False,Standard-Trading-Day
52,2023-02-21,2023,2,February,1,8,Tuesday,False,False,Standard-Trading-Day
53,2023-02-22,2023,2,February,1,8,Wednesday,False,False,Standard-Trading-Day
54,2023-02-23,2023,2,February,1,8,Thursday,False,False,Standard-Trading-Day
55,2023-02-24,2023,2,February,1,8,Friday,False,False,Standard-Trading-Day
56,2023-02-25,2023,2,February,1,8,Saturday,True,False,Standard-Trading-Day
57,2023-02-26,2023,2,February,1,8,Sunday,True,False,Standard-Trading-Day
58,2023-02-27,2023,2,February,1,9,Monday,False,False,Standard-Trading-Day
59,2023-02-28,2023,2,February,1,9,Tuesday,False,False,Standard-Trading-Day
60,2023-03-01,2023,3,March,1,9,Wednesday,False,False,Standard-Trading-Day
61,2023-03-02,2023,3,March,1,9,Thursday,False,False,Standard-Trading-Day
62,2023-03-03,2023,3,March,1,9,Friday,False,False,Standard-Trading-Day
63,2023-03-04,2023,3,March,1,9,Saturday,True,False,Standard-Trading-Day
64,2023-03-05,2023,3,March,1,9,Sunday,True,False,Standard-Trading-Day
65,2023-03-06,2023,3,March,1,10,Monday,False,False,Standard-Trading-Day
66,2023-03-07,2023,3,March,1,10,Tuesday,False,False,Standard-Trading-Day
67,2023-03-08,2023,3,March,1,10,Wednesday,False,False,Standard-Trading-Day
68,2023-03-09,2023,3,March,1,10,Thursday,False,False,Standard-Trading-Day
69,2023-03-10,2023,3,March,1,10,Friday,False,False,Standard-Trading-Day
70,2023-03-11,2023,3,March,1,10,Saturday,True,False,Standard-Trading-Day
71,2023-03-12,2023,3,March,1,10,Sunday,True,False,Standard-Trading-Day
72,2023-03-13,2023,3,March,1,11,Monday,False,False,Standard-Trading-Day
73,2023-03-14,2023,3,March,1,11,Tuesday,False,False,Standard-Trading-Day
74,2023-03-15,2023,3,March,1,11,Wednesday,False,False,Standard-Trading-Day
75,2023-03-16,2023,3,March,1,11,Thursday,False,False,Standard-Trading-Day
76,2023-03-17,2023,3,March,1,11,Friday,False,False,Standard-Trading-Day
77,2023-03-18,2023,3,March,1,11,Saturday,True,False,Standard-Trading-Day
78,2023-03-19,2023,3,March,1,11,Sunday,True,False,Standard-Trading-Day
79,2023-03-20,2023,3,March,1,12,Monday,False,False,Standard-Trading-Day
80,2023-03-21,2023,3,March,1,12,Tuesday,False,False,Standard-Trading-Day
81,2023-03-22,2023,3,March,1,12,Wednesday,False,False,Standard-Trading-Day
82,2023-03-23,2023,3,March,1,12,Thursday,False,False,Standard-Trading-Day
83,2023-03-24,2023,3,March,1,12,Friday,False,False,Standard-Trading-Day
84,2023-03-25,2023,3,March,1,12,Saturday,True,False,Standard-Trading-Day
85,2023-03-26,2023,3,March,1,12,Sunday,True,False,Standard-Trading-Day
86,2023-03-27,2023,3,March,1,13,Monday,False,False,Standard-Trading-Day
87,2023-03-28,2023,3,March,1,13,Tuesday,False,False,Standard-Trading-Day
88,2023-03-29,2023,3,March,1,13,Wednesday,False,False,Standard-Trading-Day
89,2023-03-30,2023,3,March,1,13,Thursday,False,False,Standard-Trading-Day
90,2023-03-31,2023,3,March,1,13,Friday,False,False,Standard-Trading-Day
91,2023-04-01,2023,4,April,2,13,Saturday,True,False,School-Holiday
92,2023-04-02,2023,4,April,2,13,Sunday,True,False,School-Holiday
93,2023-04-03,2023,4,April,2,14,Monday,False,False,School-Holiday
94,2023-04-04,2023,4,April,2,14,Tuesday,False,False,School-Holiday
95,2023-04-05,2023,4,April,2,14,Wednesday,False,False,School-Holiday
96,2023-04-06,2023,4,April,2,14,Thursday,False,False,School-Holiday
97,2023-04-07,2023,4,April,2,14,Friday,False,True,Bank-Holiday
98,2023-04-08,2023,4,April,2,14,Saturday,True,False,School-Holiday
99,2023-04-09,2023,4,April,2,14,Sunday,True,False,School-Holiday
100,2023-04-10,2023,4,April,2,15,Monday,False,True,Bank-Holiday
101,2023-04-11,2023,4,April,2,15,Tuesday,False,False,School-Holiday
102,2023-04-12,2023,4,April,2,15,Wednesday,False,False,School-Holiday
103,2023-04-13,2023,4,April,2,15,Thursday,False,False,School-Holiday
104,2023-04-14,2023,4,April,2,15,Friday,False,False,School-Holiday
105,2023-04-15,2023,4,April,2,15,Saturday,True,False,Standard-Trading-Day
106,2023-04-16,2023,4,April,2,15,Sunday,True,False,Standard-Trading-Day
107,2023-04-17,2023,4,April,2,16,Monday,False,False,Standard-Trading-Day
108,2023-04-18,2023,4,April,2,16,Tuesday,False,False,Standard-Trading-Day
109,2023-04-19,2023,4,April,2,16,Wednesday,False,False,Standard-Trading-Day
110,2023-04-20,2023,4,April,2,16,Thursday,False,False,Standard-Trading-Day
111,2023-04-21,2023,4,April,2,16,Friday,False,False,Standard-Trading-Day
112,2023-04-22,2023,4,April,2,16,Saturday,True,False,Standard-Trading-Day
113,2023-04-23,2023,4,April,2,16,Sunday,True,False,Standard-Trading-Day
114,2023-04-24,2023,4,April,2,17,Monday,False,False,Standard-Trading-Day
115,2023-04-25,2023,4,April,2,17,Tuesday,False,False,Standard-Trading-Day
116,2023-04-26,2023,4,April,2,17,Wednesday,False,False,Standard-Trading-Day
117,2023-04-27,2023,4,April,2,17,Thursday,False,False,Standard-Trading-Day
118,2023-04-28,2023,4,April,2,17,Friday,False,False,Standard-Trading-Day
119,2023-04-29,2023,4,April,2,17,Saturday,True,False,Standard-Trading-Day
120,2023-04-30,2023,4,April,2,17,Sunday,True,False,Standard-Trading-Day
121,2023-05-01,2023,5,May,2,18,Monday,False,True,Bank-Holiday
122,2023-05-02,2023,5,May,2,18,Tuesday,False,False,Standard-Trading-Day
123,2023-05-03,2023,5,May,2,18,Wednesday,False,False,Standard-Trading-Day
124,2023-05-04,2023,5,May,2,18,Thursday,False,False,Standard-Trading-Day
125,2023-05-05,2023,5,May,2,18,Friday,False,False,Standard-Trading-Day
126,2023-05-06,2023,5,May,2,18,Saturday,True,False,Standard-Trading-Day
127,2023-05-07,2023,5,May,2,18,Sunday,True,False,Standard-Trading-Day
128,2023-05-08,2023,5,May,2,19,Monday,False,True,Bank-Holiday
129,2023-05-09,2023,5,May,2,19,Tuesday,False,False,Standard-Trading-Day
130,2023-05-10,2023,5,May,2,19,Wednesday,False,False,Standard-Trading-Day
131,2023-05-11,2023,5,May,2,19,Thursday,False,False,Standard-Trading-Day
132,2023-05-12,2023,5,May,2,19,Friday,False,False,Standard-Trading-Day
133,2023-05-13,2023,5,May,2,19,Saturday,True,False,Standard-Trading-Day
134,2023-05-14,2023,5,May,2,19,Sunday,True,False,Standard-Trading-Day
135,2023-05-15,2023,5,May,2,20,Monday,False,False,Standard-Trading-Day
136,2023-05-16,2023,5,May,2,20,Tuesday,False,False,Standard-Trading-Day
137,2023-05-17,2023,5,May,2,20,Wednesday,False,False,Standard-Trading-Day
138,2023-05-18,2023,5,May,2,20,Thursday,False,False,Standard-Trading-Day
139,2023-05-19,2023,5,May,2,20,Friday,False,False,Standard-Trading-Day
140,2023-05-20,2023,5,May,2,20,Saturday,True,False,Standard-Trading-Day
141,2023-05-21,2023,5,May,2,20,Sunday,True,False,Standard-Trading-Day
142,2023-05-22,2023,5,May,2,21,Monday,False,False,Standard-Trading-Day
143,2023-05-23,2023,5,May,2,21,Tuesday,False,False,Standard-Trading-Day
144,2023-05-24,2023,5,May,2,21,Wednesday,False,False,Standard-Trading-Day
145,2023-05-25,2023,5,May,2,21,Thursday,False,False,Standard-Trading-Day
146,2023-05-26,2023,5,May,2,21,Friday,False,False,Standard-Trading-Day
147,2023-05-27,2023,5,May,2,21,Saturday,True,False,Standard-Trading-Day
148,2023-05-28,2023,5,May,2,21,Sunday,True,False,Standard-Trading-Day
149,2023-05-29,2023,5,May,2,22,Monday,False,True,Bank-Holiday
150,2023-05-30,2023,5,May,2,22,Tuesday,False,False,Standard-Trading-Day
151,2023-05-31,2023,5,May,2,22,Wednesday,False,False,Standard-Trading-Day
152,2023-06-01,2023,6,June,2,22,Thursday,False,False,Standard-Trading-Day
153,2023-06-02,2023,6,June,2,22,Friday,False,False,Standard-Trading-Day
154,2023-06-03,2023,6,June,2,22,Saturday,True,False,Standard-Trading-Day
155,2023-06-04,2023,6,June,2,22,Sunday,True,False,Standard-Trading-Day
156,2023-06-05,2023,6,June,2,23,Monday,False,False,Standard-Trading-Day
157,2023-06-06,2023,6,June,2,23,Tuesday,False,False,Standard-Trading-Day
158,2023-06-07,2023,6,June,2,23,Wednesday,False,False,Standard-Trading-Day
159,2023-06-08,2023,6,June,2,23,Thursday,False,False,Standard-Trading-Day
160,2023-06-09,2023,6,June,2,23,Friday,False,False,Standard-Trading-Day
161,2023-06-10,2023,6,June,2,23,Saturday,True,False,Standard-Trading-Day
162,2023-06-11,2023,6,June,2,23,Sunday,True,False,Standard-Trading-Day
163,2023-06-12,2023,6,June,2,24,Monday,False,False,Standard-Trading-Day
164,2023-06-13,2023,6,June,2,24,Tuesday,False,False,Standard-Trading-Day
165,2023-06-14,2023,6,June,2,24,Wednesday,False,False,Standard-Trading-Day
166,2023-06-15,2023,6,June,2,24,Thursday,False,False,Standard-Trading-Day
167,2023-06-16,2023,6,June,2,24,Friday,False,False,Standard-Trading-Day
168,2023-06-17,2023,6,June,2,24,Saturday,True,False,Standard-Trading-Day
169,2023-06-18,2023,6,June,2,24,Sunday,True,False,Standard-Trading-Day
170,2023-06-19,2023,6,June,2,25,Monday,False,False,Standard-Trading-Day
171,2023-06-20,2023,6,June,2,25,Tuesday,False,False,Standard-Trading-Day
172,2023-06-21,2023,6,June,2,25,Wednesday,False,False,Standard-Trading-Day
173,2023-06-22,2023,6,June,2,25,Thursday,False,False,Standard-Trading-Day
174,2023-06-23,2023,6,June,2,25,Friday,False,False,Standard-Trading-Day
175,2023-06-24,2023,6,June,2,25,Saturday,True,False,Standard-Trading-Day
176,2023-06-25,2023,6,June,2,25,Sunday,True,False,Standard-Trading-Day
177,2023-06-26,2023,6,June,2,26,Monday,False,False,Standard-Trading-Day
178,2023-06-27,2023,6,June,2,26,Tuesday,False,False,Standard-Trading-Day
179,2023-06-28,2023,6,June,2,26,Wednesday,False,False,Standard-Trading-Day
180,2023-06-29,2023,6,June,2,26,Thursday,False,False,Standard-Trading-Day
181,2023-06-30,2023,6,June,2,26,Friday,False,False,Standard-Trading-Day
182,2023-07-01,2023,7,July,3,26,Saturday,True,False,School-Holiday
183,2023-07-02,2023,7,July,3,26,Sunday,True,False,School-Holiday
184,2023-07-03,2023,7,July,3,27,Monday,False,False,School-Holiday
185,2023-07-04,2023,7,July,3,27,Tuesday,False,False,School-Holiday
186,2023-07-05,2023,7,July,3,27,Wednesday,False,False,School-Holiday
187,2023-07-06,2023,7,July,3,27,Thursday,False,False,School-Holiday
188,2023-07-07,2023,7,July,3,27,Friday,False,False,School-Holiday
189,2023-07-08,2023,7,July,3,27,Saturday,True,False,School-Holiday
190,2023-07-09,2023,7,July,3,27,Sunday,True,False,School-Holiday
191,2023-07-10,2023,7,July,3,28,Monday,False,False,School-Holiday
192,2023-07-11,2023,7,July,3,28,Tuesday,False,False,School-Holiday
193,2023-07-12,2023,7,July,3,28,Wednesday,False,False,School-Holiday
194,2023-07-13,2023,7,July,3,28,Thursday,False,False,School-Holiday
195,2023-07-14,2023,7,July,3,28,Friday,False,False,School-Holiday
196,2023-07-15,2023,7,July,3,28,Saturday,True,False,School-Holiday
197,2023-07-16,2023,7,July,3,28,Sunday,True,False,School-Holiday
198,2023-07-17,2023,7,July,3,29,Monday,False,False,School-Holiday
199,2023-07-18,2023,7,July,3,29,Tuesday,False,False,School-Holiday
200,2023-07-19,2023,7,July,3,29,Wednesday,False,False,School-Holiday
201,2023-07-20,2023,7,July,3,29,Thursday,False,False,School-Holiday
202,2023-07-21,2023,7,July,3,29,Friday,False,False,School-Holiday
203,2023-07-22,2023,7,July,3,29,Saturday,True,False,School-Holiday
204,2023-07-23,2023,7,July,3,29,Sunday,True,False,School-Holiday
205,2023-07-24,2023,7,July,3,30,Monday,False,False,School-Holiday
206,2023-07-25,2023,7,July,3,30,Tuesday,False,False,School-Holiday
207,2023-07-26,2023,7,July,3,30,Wednesday,False,False,School-Holiday
208,2023-07-27,2023,7,July,3,30,Thursday,False,False,School-Holiday
209,2023-07-28,2023,7,July,3,30,Friday,False,False,School-Holiday
210,2023-07-29,2023,7,July,3,30,Saturday,True,False,School-Holiday
211,2023-07-30,2023,7,July,3,30,Sunday,True,False,School-Holiday
212,2023-07-31,2023,7,July,3,31,Monday,False,False,School-Holiday
213,2023-08-01,2023,8,August,3,31,Tuesday,False,False,School-Holiday
214,2023-08-02,2023,8,August,3,31,Wednesday,False,False,School-Holiday
215,2023-08-03,2023,8,August,3,31,Thursday,False,False,School-Holiday
216,2023-08-04,2023,8,August,3,31,Friday,False,False,School-Holiday
217,2023-08-05,2023,8,August,3,31,Saturday,True,False,School-Holiday
218,2023-08-06,2023,8,August,3,31,Sunday,True,False,School-Holiday
219,2023-08-07,2023,8,August,3,32,Monday,False,False,School-Holiday
220,2023-08-08,2023,8,August,3,32,Tuesday,False,False,School-Holiday
221,2023-08-09,2023,8,August,3,32,Wednesday,False,False,School-Holiday
222,2023-08-10,2023,8,August,3,32,Thursday,False,False,School-Holiday
223,2023-08-11,2023,8,August,3,32,Friday,False,False,School-Holiday
224,2023-08-12,2023,8,August,3,32,Saturday,True,False,School-Holiday
225,2023-08-13,2023,8,August,3,32,Sunday,True,False,School-Holiday
226,2023-08-14,2023,8,August,3,33,Monday,False,False,School-Holiday
227,2023-08-15,2023,8,August,3,33,Tuesday,False,False,School-Holiday
228,2023-08-16,2023,8,August,3,33,Wednesday,False,False,School-Holiday
229,2023-08-17,2023,8,August,3,33,Thursday,False,False,School-Holiday
230,2023-08-18,2023,8,August,3,33,Friday,False,False,School-Holiday
231,2023-08-19,2023,8,August,3,33,Saturday,True,False,School-Holiday
232,2023-08-20,2023,8,August,3,33,Sunday,True,False,School-Holiday
233,2023-08-21,2023,8,August,3,34,Monday,False,False,School-Holiday
234,2023-08-22,2023,8,August,3,34,Tuesday,False,False,School-Holiday
235,2023-08-23,2023,8,August,3,34,Wednesday,False,False,School-Holiday
236,2023-08-24,2023,8,August,3,34,Thursday,False,False,School-Holiday
237,2023-08-25,2023,8,August,3,34,Friday,False,False,School-Holiday
238,2023-08-26,2023,8,August,3,34,Saturday,True,False,School-Holiday
239,2023-08-27,2023,8,August,3,34,Sunday,True,False,School-Holiday
240,2023-08-28,2023,8,August,3,35,Monday,False,True,Bank-Holiday
241,2023-08-29,2023,8,August,3,35,Tuesday,False,False,School-Holiday
242,2023-08-30,2023,8,August,3,35,Wednesday,False,False,School-Holiday
243,2023-08-31,2023,8,August,3,35,Thursday,False,False,School-Holiday
244,2023-09-01,2023,9,September,3,35,Friday,False,False,Standard-Trading-Day
245,2023-09-02,2023,9,September,3,35,Saturday,True,False,Standard-Trading-Day
246,2023-09-03,2023,9,September,3,35,Sunday,True,False,Standard-Trading-Day
247,2023-09-04,2023,9,September,3,36,Monday,False,False,Standard-Trading-Day
248,2023-09-05,2023,9,September,3,36,Tuesday,False,False,Standard-Trading-Day
249,2023-09-06,2023,9,September,3,36,Wednesday,False,False,Standard-Trading-Day
250,2023-09-07,2023,9,September,3,36,Thursday,False,False,Standard-Trading-Day
251,2023-09-08,2023,9,September,3,36,Friday,False,False,Standard-Trading-Day
252,2023-09-09,2023,9,September,3,36,Saturday,True,False,Standard-Trading-Day
253,2023-09-10,2023,9,September,3,36,Sunday,True,False,Standard-Trading-Day
254,2023-09-11,2023,9,September,3,37,Monday,False,False,Standard-Trading-Day
255,2023-09-12,2023,9,September,3,37,Tuesday,False,False,Standard-Trading-Day
256,2023-09-13,2023,9,September,3,37,Wednesday,False,False,Standard-Trading-Day
257,2023-09-14,2023,9,September,3,37,Thursday,False,False,Standard-Trading-Day
258,2023-09-15,2023,9,September,3,37,Friday,False,False,Standard-Trading-Day
259,2023-09-16,2023,9,September,3,37,Saturday,True,False,Standard-Trading-Day
260,2023-09-17,2023,9,September,3,37,Sunday,True,False,Standard-Trading-Day
261,2023-09-18,2023,9,September,3,38,Monday,False,False,Standard-Trading-Day
262,2023-09-19,2023,9,September,3,38,Tuesday,False,False,Standard-Trading-Day
263,2023-09-20,2023,9,September,3,38,Wednesday,False,False,Standard-Trading-Day
264,2023-09-21,2023,9,September,3,38,Thursday,False,False,Standard-Trading-Day
265,2023-09-22,2023,9,September,3,38,Friday,False,False,Standard-Trading-Day
266,2023-09-23,2023,9,September,3,38,Saturday,True,False,Standard-Trading-Day
267,2023-09-24,2023,9,September,3,38,Sunday,True,False,Standard-Trading-Day
268,2023-09-25,2023,9,September,3,39,Monday,False,False,Standard-Trading-Day
269,2023-09-26,2023,9,September,3,39,Tuesday,False,False,Standard-Trading-Day
270,2023-09-27,2023,9,September,3,39,Wednesday,False,False,Standard-Trading-Day
271,2023-09-28,2023,9,September,3,39,Thursday,False,False,Standard-Trading-Day
272,2023-09-29,2023,9,September,3,39,Friday,False,False,Standard-Trading-Day
273,2023-09-30,2023,9,September,3,39,Saturday,True,False,Standard-Trading-Day
274,2023-10-01,2023,10,October,4,39,Sunday,True,False,Standard-Trading-Day
275,2023-10-02,2023,10,October,4,40,Monday,False,False,Standard-Trading-Day
276,2023-10-03,2023,10,October,4,40,Tuesday,False,False,Standard-Trading-Day
277,2023-10-04,2023,10,October,4,40,Wednesday,False,False,Standard-Trading-Day
278,2023-10-05,2023,10,October,4,40,Thursday,False,False,Standard-Trading-Day
279,2023-10-06,2023,10,October,4,40,Friday,False,False,Standard-Trading-Day
280,2023-10-07,2023,10,October,4,40,Saturday,True,False,Standard-Trading-Day
281,2023-10-08,2023,10,October,4,40,Sunday,True,False,Standard-Trading-Day
282,2023-10-09,2023,10,October,4,41,Monday,False,False,Standard-Trading-Day
283,2023-10-10,2023,10,October,4,41,Tuesday,False,False,Standard-Trading-Day
284,2023-10-11,2023,10,October,4,41,Wednesday,False,False,Standard-Trading-Day
285,2023-10-12,2023,10,October,4,41,Thursday,False,False,Standard-Trading-Day
286,2023-10-13,2023,10,October,4,41,Friday,False,False,Standard-Trading-Day
287,2023-10-14,2023,10,October,4,41,Saturday,True,False,Standard-Trading-Day
288,2023-10-15,2023,10,October,4,41,Sunday,True,False,Standard-Trading-Day
289,2023-10-16,2023,10,October,4,42,Monday,False,False,Standard-Trading-Day
290,2023-10-17,2023,10,October,4,42,Tuesday,False,False,Standard-Trading-Day
291,2023-10-18,2023,10,October,4,42,Wednesday,False,False,Standard-Trading-Day
292,2023-10-19,2023,10,October,4,42,Thursday,False,False,Standard-Trading-Day
293,2023-10-20,2023,10,October,4,42,Friday,False,False,Standard-Trading-Day
294,2023-10-21,2023,10,October,4,42,Saturday,True,False,Standard-Trading-Day
295,2023-10-22,2023,10,October,4,42,Sunday,True,False,School-Holiday
296,2023-10-23,2023,10,October,4,43,Monday,False,False,School-Holiday
297,2023-10-24,2023,10,October,4,43,Tuesday,False,False,School-Holiday
298,2023-10-25,2023,10,October,4,43,Wednesday,False,False,School-Holiday
299,2023-10-26,2023,10,October,4,43,Thursday,False,False,School-Holiday
300,2023-10-27,2023,10,October,4,43,Friday,False,False,School-Holiday
301,2023-10-28,2023,10,October,4,43,Saturday,True,False,School-Holiday
302,2023-10-29,2023,10,October,4,43,Sunday,True,False,School-Holiday
303,2023-10-30,2023,10,October,4,44,Monday,False,False,School-Holiday
304,2023-10-31,2023,10,October,4,44,Tuesday,False,False,School-Holiday
305,2023-11-01,2023,11,November,4,44,Wednesday,False,False,Standard-Trading-Day
306,2023-11-02,2023,11,November,4,44,Thursday,False,False,Standard-Trading-Day
307,2023-11-03,2023,11,November,4,44,Friday,False,False,Standard-Trading-Day
308,2023-11-04,2023,11,November,4,44,Saturday,True,False,Standard-Trading-Day
309,2023-11-05,2023,11,November,4,44,Sunday,True,False,Standard-Trading-Day
310,2023-11-06,2023,11,November,4,45,Monday,False,False,Standard-Trading-Day
311,2023-11-07,2023,11,November,4,45,Tuesday,False,False,Standard-Trading-Day
312,2023-11-08,2023,11,November,4,45,Wednesday,False,False,Standard-Trading-Day
313,2023-11-09,2023,11,November,4,45,Thursday,False,False,Standard-Trading-Day
314,2023-11-10,2023,11,November,4,45,Friday,False,False,Standard-Trading-Day
315,2023-11-11,2023,11,November,4,45,Saturday,True,False,Standard-Trading-Day
316,2023-11-12,2023,11,November,4,45,Sunday,True,False,Standard-Trading-Day
317,2023-11-13,2023,11,November,4,46,Monday,False,False,Standard-Trading-Day
318,2023-11-14,2023,11,November,4,46,Tuesday,False,False,Standard-Trading-Day
319,2023-11-15,2023,11,November,4,46,Wednesday,False,False,Standard-Trading-Day
320,2023-11-16,2023,11,November,4,46,Thursday,False,False,Standard-Trading-Day
321,2023-11-17,2023,11,November,4,46,Friday,False,False,Standard-Trading-Day
322,2023-11-18,2023,11,November,4,46,Saturday,True,False,Standard-Trading-Day
323,2023-11-19,2023,11,November,4,46,Sunday,True,False,Standard-Trading-Day
324,2023-11-20,2023,11,November,4,47,Monday,False,False,Standard-Trading-Day
325,2023-11-21,2023,11,November,4,47,Tuesday,False,False,Standard-Trading-Day
326,2023-11-22,2023,11,November,4,47,Wednesday,False,False,Standard-Trading-Day
327,2023-11-23,2023,11,November,4,47,Thursday,False,False,Standard-Trading-Day
328,2023-11-24,2023,11,November,4,47,Friday,False,False,Standard-Trading-Day
329,2023-11-25,2023,11,November,4,47,Saturday,True,False,Standard-Trading-Day
330,2023-11-26,2023,11,November,4,47,Sunday,True,False,Standard-Trading-Day
331,2023-11-27,2023,11,November,4,48,Monday,False,False,Standard-Trading-Day
332,2023-11-28,2023,11,November,4,48,Tuesday,False,False,Standard-Trading-Day
333,2023-11-29,2023,11,November,4,48,Wednesday,False,False,Standard-Trading-Day
334,2023-11-30,2023,11,November,4,48,Thursday,False,False,Standard-Trading-Day
335,2023-12-01,2023,12,December,4,48,Friday,False,False,Standard-Trading-Day
336,2023-12-02,2023,12,December,4,48,Saturday,True,False,Standard-Trading-Day
337,2023-12-03,2023,12,December,4,48,Sunday,True,False,Standard-Trading-Day
338,2023-12-04,2023,12,December,4,49,Monday,False,False,Standard-Trading-Day
339,2023-12-05,2023,12,December,4,49,Tuesday,False,False,Standard-Trading-Day
340,2023-12-06,2023,12,December,4,49,Wednesday,False,False,Standard-Trading-Day
341,2023-12-07,2023,12,December,4,49,Thursday,False,False,Standard-Trading-Day
342,2023-12-08,2023,12,December,4,49,Friday,False,False,Standard-Trading-Day
343,2023-12-09,2023,12,December,4,49,Saturday,True,False,Standard-Trading-Day
344,2023-12-10,2023,12,December,4,49,Sunday,True,False,Standard-Trading-Day
345,2023-12-11,2023,12,December,4,50,Monday,False,False,Standard-Trading-Day
346,2023-12-12,2023,12,December,4,50,Tuesday,False,False,Standard-Trading-Day
347,2023-12-13,2023,12,December,4,50,Wednesday,False,False,Standard-Trading-Day
348,2023-12-14,2023,12,December,4,50,Thursday,False,False,Standard-Trading-Day
349,2023-12-15,2023,12,December,4,50,Friday,False,False,Standard-Trading-Day
350,2023-12-16,2023,12,December,4,50,Saturday,True,False,Standard-Trading-Day
351,2023-12-17,2023,12,December,4,50,Sunday,True,False,Standard-Trading-Day
352,2023-12-18,2023,12,December,4,51,Monday,False,False,Standard-Trading-Day
353,2023-12-19,2023,12,December,4,51,Tuesday,False,False,Standard-Trading-Day
354,2023-12-20,2023,12,December,4,51,Wednesday,False,False,School-Holiday
355,2023-12-21,2023,12,December,4,51,Thursday,False,False,School-Holiday
356,2023-12-22,2023,12,December,4,51,Friday,False,False,School-Holiday
357,2023-12-23,2023,12,December,4,51,Saturday,True,False,School-Holiday
358,2023-12-24,2023,12,December,4,51,Sunday,True,False,Christmas-Period
359,2023-12-25,2023,12,December,4,52,Monday,False,True,Christmas-Period
360,2023-12-26,2023,12,December,4,52,Tuesday,False,True,Christmas-Period
361,2023-12-27,2023,12,December,4,52,Wednesday,False,False,Christmas-Period
362,2023-12-28,2023,12,December,4,52,Thursday,False,False,Christmas-Period
363,2023-12-29,2023,12,December,4,52,Friday,False,False,Christmas-Period
364,2023-12-30,2023,12,December,4,52,Saturday,True,False,Christmas-Period
365,2023-12-31,2023,12,December,4,52,Sunday,True,False,Christmas-Period
366,2024-01-01,2024,1,January,1,1,Monday,False,True,Bank-Holiday
367,2024-01-02,2024,1,January,1,1,Tuesday,False,False,Standard-Trading-Day
368,2024-01-03,2024,1,January,1,1,Wednesday,False,False,Standard-Trading-Day
369,2024-01-04,2024,1,January,1,1,Thursday,False,False,Standard-Trading-Day
370,2024-01-05,2024,1,January,1,1,Friday,False,False,Standard-Trading-Day
371,2024-01-06,2024,1,January,1,1,Saturday,True,False,Standard-Trading-Day
372,2024-01-07,2024,1,January,1,1,Sunday,True,False,Standard-Trading-Day
373,2024-01-08,2024,1,January,1,2,Monday,False,False,Standard-Trading-Day
374,2024-01-09,2024,1,January,1,2,Tuesday,False,False,Standard-Trading-Day
375,2024-01-10,2024,1,January,1,2,Wednesday,False,False,Standard-Trading-Day
376,2024-01-11,2024,1,January,1,2,Thursday,False,False,Standard-Trading-Day
377,2024-01-12,2024,1,January,1,2,Friday,False,False,Standard-Trading-Day
378,2024-01-13,2024,1,January,1,2,Saturday,True,False,Standard-Trading-Day
379,2024-01-14,2024,1,January,1,2,Sunday,True,False,Standard-Trading-Day
380,2024-01-15,2024,1,January,1,3,Monday,False,False,Standard-Trading-Day
381,2024-01-16,2024,1,January,1,3,Tuesday,False,False,Standard-Trading-Day
382,2024-01-17,2024,1,January,1,3,Wednesday,False,False,Standard-Trading-Day
383,2024-01-18,2024,1,January,1,3,Thursday,False,False,Standard-Trading-Day
384,2024-01-19,2024,1,January,1,3,Friday,False,False,Standard-Trading-Day
385,2024-01-20,2024,1,January,1,3,Saturday,True,False,Standard-Trading-Day
386,2024-01-21,2024,1,January,1,3,Sunday,True,False,Standard-Trading-Day
387,2024-01-22,2024,1,January,1,4,Monday,False,False,Standard-Trading-Day
388,2024-01-23,2024,1,January,1,4,Tuesday,False,False,Standard-Trading-Day
389,2024-01-24,2024,1,January,1,4,Wednesday,False,False,Standard-Trading-Day
390,2024-01-25,2024,1,January,1,4,Thursday,False,False,Standard-Trading-Day
391,2024-01-26,2024,1,January,1,4,Friday,False,False,Standard-Trading-Day
392,2024-01-27,2024,1,January,1,4,Saturday,True,False,Standard-Trading-Day
393,2024-01-28,2024,1,January,1,4,Sunday,True,False,Standard-Trading-Day
394,2024-01-29,2024,1,January,1,5,Monday,False,False,Standard-Trading-Day
395,2024-01-30,2024,1,January,1,5,Tuesday,False,False,Standard-Trading-Day
396,2024-01-31,2024,1,January,1,5,Wednesday,False,False,Standard-Trading-Day
397,2024-02-01,2024,2,February,1,5,Thursday,False,False,Standard-Trading-Day
398,2024-02-02,2024,2,February,1,5,Friday,False,False,Standard-Trading-Day
399,2024-02-03,2024,2,February,1,5,Saturday,True,False,Standard-Trading-Day
400,2024-02-04,2024,2,February,1,5,Sunday,True,False,Standard-Trading-Day
401,2024-02-05,2024,2,February,1,6,Monday,False,False,Standard-Trading-Day
402,2024-02-06,2024,2,February,1,6,Tuesday,False,False,Standard-Trading-Day
403,2024-02-07,2024,2,February,1,6,Wednesday,False,False,Standard-Trading-Day
404,2024-02-08,2024,2,February,1,6,Thursday,False,False,Standard-Trading-Day
405,2024-02-09,2024,2,February,1,6,Friday,False,False,Standard-Trading-Day
406,2024-02-10,2024,2,February,1,6,Saturday,True,False,Standard-Trading-Day
407,2024-02-11,2024,2,February,1,6,Sunday,True,False,Standard-Trading-Day
408,2024-02-12,2024,2,February,1,7,Monday,False,False,Standard-Trading-Day
409,2024-02-13,2024,2,February,1,7,Tuesday,False,False,Standard-Trading-Day
410,2024-02-14,2024,2,February,1,7,Wednesday,False,False,Standard-Trading-Day
411,2024-02-15,2024,2,February,1,7,Thursday,False,False,Standard-Trading-Day
412,2024-02-16,2024,2,February,1,7,Friday,False,False,Standard-Trading-Day
413,2024-02-17,2024,2,February,1,7,Saturday,True,False,Standard-Trading-Day
414,2024-02-18,2024,2,February,1,7,Sunday,True,False,Standard-Trading-Day
415,2024-02-19,2024,2,February,1,8,Monday,False,False,Standard-Trading-Day
416,2024-02-20,2024,2,February,1,8,Tuesday,False,False,Standard-Trading-Day
417,2024-02-21,2024,2,February,1,8,Wednesday,False,False,Standard-Trading-Day
418,2024-02-22,2024,2,February,1,8,Thursday,False,False,Standard-Trading-Day
419,2024-02-23,2024,2,February,1,8,Friday,False,False,Standard-Trading-Day
420,2024-02-24,2024,2,February,1,8,Saturday,True,False,Standard-Trading-Day
421,2024-02-25,2024,2,February,1,8,Sunday,True,False,Standard-Trading-Day
422,2024-02-26,2024,2,February,1,9,Monday,False,False,Standard-Trading-Day
423,2024-02-27,2024,2,February,1,9,Tuesday,False,False,Standard-Trading-Day
424,2024-02-28,2024,2,February,1,9,Wednesday,False,False,Standard-Trading-Day
425,2024-02-29,2024,2,February,1,9,Thursday,False,False,Standard-Trading-Day
426,2024-03-01,2024,3,March,1,9,Friday,False,False,Standard-Trading-Day
427,2024-03-02,2024,3,March,1,9,Saturday,True,False,Standard-Trading-Day
428,2024-03-03,2024,3,March,1,9,Sunday,True,False,Standard-Trading-Day
429,2024-03-04,2024,3,March,1,10,Monday,False,False,Standard-Trading-Day
430,2024-03-05,2024,3,March,1,10,Tuesday,False,False,Standard-Trading-Day
431,2024-03-06,2024,3,March,1,10,Wednesday,False,False,Standard-Trading-Day
432,2024-03-07,2024,3,March,1,10,Thursday,False,False,Standard-Trading-Day
433,2024-03-08,2024,3,March,1,10,Friday,False,False,Standard-Trading-Day
434,2024-03-09,2024,3,March,1,10,Saturday,True,False,Standard-Trading-Day
435,2024-03-10,2024,3,March,1,10,Sunday,True,False,Standard-Trading-Day
436,2024-03-11,2024,3,March,1,11,Monday,False,False,Standard-Trading-Day
437,2024-03-12,2024,3,March,1,11,Tuesday,False,False,Standard-Trading-Day
438,2024-03-13,2024,3,March,1,11,Wednesday,False,False,Standard-Trading-Day
439,2024-03-14,2024,3,March,1,11,Thursday,False,False,Standard-Trading-Day
440,2024-03-15,2024,3,March,1,11,Friday,False,False,Standard-Trading-Day
441,2024-03-16,2024,3,March,1,11,Saturday,True,False,Standard-Trading-Day
442,2024-03-17,2024,3,March,1,11,Sunday,True,False,Standard-Trading-Day
443,2024-03-18,2024,3,March,1,12,Monday,False,False,Standard-Trading-Day
444,2024-03-19,2024,3,March,1,12,Tuesday,False,False,Standard-Trading-Day
445,2024-03-20,2024,3,March,1,12,Wednesday,False,False,Standard-Trading-Day
446,2024-03-21,2024,3,March,1,12,Thursday,False,False,Standard-Trading-Day
447,2024-03-22,2024,3,March,1,12,Friday,False,False,Standard-Trading-Day
448,2024-03-23,2024,3,March,1,12,Saturday,True,False,Standard-Trading-Day
449,2024-03-24,2024,3,March,1,12,Sunday,True,False,Standard-Trading-Day
450,2024-03-25,2024,3,March,1,13,Monday,False,False,Standard-Trading-Day
451,2024-03-26,2024,3,March,1,13,Tuesday,False,False,Standard-Trading-Day
452,2024-03-27,2024,3,March,1,13,Wednesday,False,False,Standard-Trading-Day
453,2024-03-28,2024,3,March,1,13,Thursday,False,False,Standard-Trading-Day
454,2024-03-29,2024,3,March,1,13,Friday,False,True,Bank-Holiday
455,2024-03-30,2024,3,March,1,13,Saturday,True,False,Standard-Trading-Day
456,2024-03-31,2024,3,March,1,13,Sunday,True,False,Standard-Trading-Day
457,2024-04-01,2024,4,April,2,14,Monday,False,True,Bank-Holiday
458,2024-04-02,2024,4,April,2,14,Tuesday,False,False,School-Holiday
459,2024-04-03,2024,4,April,2,14,Wednesday,False,False,School-Holiday
460,2024-04-04,2024,4,April,2,14,Thursday,False,False,School-Holiday
461,2024-04-05,2024,4,April,2,14,Friday,False,False,School-Holiday
462,2024-04-06,2024,4,April,2,14,Saturday,True,False,School-Holiday
463,2024-04-07,2024,4,April,2,14,Sunday,True,False,School-Holiday
464,2024-04-08,2024,4,April,2,15,Monday,False,False,School-Holiday
465,2024-04-09,2024,4,April,2,15,Tuesday,False,False,School-Holiday
466,2024-04-10,2024,4,April,2,15,Wednesday,False,False,School-Holiday
467,2024-04-11,2024,4,April,2,15,Thursday,False,False,School-Holiday
468,2024-04-12,2024,4,April,2,15,Friday,False,False,School-Holiday
469,2024-04-13,2024,4,April,2,15,Saturday,True,False,School-Holiday
470,2024-04-14,2024,4,April,2,15,Sunday,True,False,School-Holiday
471,2024-04-15,2024,4,April,2,16,Monday,False,False,Standard-Trading-Day
472,2024-04-16,2024,4,April,2,16,Tuesday,False,False,Standard-Trading-Day
473,2024-04-17,2024,4,April,2,16,Wednesday,False,False,Standard-Trading-Day
474,2024-04-18,2024,4,April,2,16,Thursday,False,False,Standard-Trading-Day
475,2024-04-19,2024,4,April,2,16,Friday,False,False,Standard-Trading-Day
476,2024-04-20,2024,4,April,2,16,Saturday,True,False,Standard-Trading-Day
477,2024-04-21,2024,4,April,2,16,Sunday,True,False,Standard-Trading-Day
478,2024-04-22,2024,4,April,2,17,Monday,False,False,Standard-Trading-Day
479,2024-04-23,2024,4,April,2,17,Tuesday,False,False,Standard-Trading-Day
480,2024-04-24,2024,4,April,2,17,Wednesday,False,False,Standard-Trading-Day
481,2024-04-25,2024,4,April,2,17,Thursday,False,False,Standard-Trading-Day
482,2024-04-26,2024,4,April,2,17,Friday,False,False,Standard-Trading-Day
483,2024-04-27,2024,4,April,2,17,Saturday,True,False,Standard-Trading-Day
484,2024-04-28,2024,4,April,2,17,Sunday,True,False,Standard-Trading-Day
485,2024-04-29,2024,4,April,2,18,Monday,False,False,Standard-Trading-Day
486,2024-04-30,2024,4,April,2,18,Tuesday,False,False,Standard-Trading-Day
487,2024-05-01,2024,5,May,2,18,Wednesday,False,False,Standard-Trading-Day
488,2024-05-02,2024,5,May,2,18,Thursday,False,False,Standard-Trading-Day
489,2024-05-03,2024,5,May,2,18,Friday,False,False,Standard-Trading-Day
490,2024-05-04,2024,5,May,2,18,Saturday,True,False,Standard-Trading-Day
491,2024-05-05,2024,5,May,2,18,Sunday,True,False,Standard-Trading-Day
492,2024-05-06,2024,5,May,2,19,Monday,False,True,Bank-Holiday
493,2024-05-07,2024,5,May,2,19,Tuesday,False,False,Standard-Trading-Day
494,2024-05-08,2024,5,May,2,19,Wednesday,False,False,Standard-Trading-Day
495,2024-05-09,2024,5,May,2,19,Thursday,False,False,Standard-Trading-Day
496,2024-05-10,2024,5,May,2,19,Friday,False,False,Standard-Trading-Day
497,2024-05-11,2024,5,May,2,19,Saturday,True,False,Standard-Trading-Day
498,2024-05-12,2024,5,May,2,19,Sunday,True,False,Standard-Trading-Day
499,2024-05-13,2024,5,May,2,20,Monday,False,False,Standard-Trading-Day
500,2024-05-14,2024,5,May,2,20,Tuesday,False,False,Standard-Trading-Day
501,2024-05-15,2024,5,May,2,20,Wednesday,False,False,Standard-Trading-Day
502,2024-05-16,2024,5,May,2,20,Thursday,False,False,Standard-Trading-Day
503,2024-05-17,2024,5,May,2,20,Friday,False,False,Standard-Trading-Day
504,2024-05-18,2024,5,May,2,20,Saturday,True,False,Standard-Trading-Day
505,2024-05-19,2024,5,May,2,20,Sunday,True,False,Standard-Trading-Day
506,2024-05-20,2024,5,May,2,21,Monday,False,False,Standard-Trading-Day
507,2024-05-21,2024,5,May,2,21,Tuesday,False,False,Standard-Trading-Day
508,2024-05-22,2024,5,May,2,21,Wednesday,False,False,Standard-Trading-Day
509,2024-05-23,2024,5,May,2,21,Thursday,False,False,Standard-Trading-Day
510,2024-05-24,2024,5,May,2,21,Friday,False,False,Standard-Trading-Day
511,2024-05-25,2024,5,May,2,21,Saturday,True,False,Standard-Trading-Day
512,2024-05-26,2024,5,May,2,21,Sunday,True,False,Standard-Trading-Day
513,2024-05-27,2024,5,May,2,22,Monday,False,True,Bank-Holiday
514,2024-05-28,2024,5,May,2,22,Tuesday,False,False,Standard-Trading-Day
515,2024-05-29,2024,5,May,2,22,Wednesday,False,False,Standard-Trading-Day
516,2024-05-30,2024,5,May,2,22,Thursday,False,False,Standard-Trading-Day
517,2024-05-31,2024,5,May,2,22,Friday,False,False,Standard-Trading-Day
518,2024-06-01,2024,6,June,2,22,Saturday,True,False,Standard-Trading-Day
519,2024-06-02,2024,6,June,2,22,Sunday,True,False,Standard-Trading-Day
520,2024-06-03,2024,6,June,2,23,Monday,False,False,Standard-Trading-Day
521,2024-06-04,2024,6,June,2,23,Tuesday,False,False,Standard-Trading-Day
522,2024-06-05,2024,6,June,2,23,Wednesday,False,False,Standard-Trading-Day
523,2024-06-06,2024,6,June,2,23,Thursday,False,False,Standard-Trading-Day
524,2024-06-07,2024,6,June,2,23,Friday,False,False,Standard-Trading-Day
525,2024-06-08,2024,6,June,2,23,Saturday,True,False,Standard-Trading-Day
526,2024-06-09,2024,6,June,2,23,Sunday,True,False,Standard-Trading-Day
527,2024-06-10,2024,6,June,2,24,Monday,False,False,Standard-Trading-Day
528,2024-06-11,2024,6,June,2,24,Tuesday,False,False,Standard-Trading-Day
529,2024-06-12,2024,6,June,2,24,Wednesday,False,False,Standard-Trading-Day
530,2024-06-13,2024,6,June,2,24,Thursday,False,False,Standard-Trading-Day
531,2024-06-14,2024,6,June,2,24,Friday,False,False,Standard-Trading-Day
532,2024-06-15,2024,6,June,2,24,Saturday,True,False,Standard-Trading-Day
533,2024-06-16,2024,6,June,2,24,Sunday,True,False,Standard-Trading-Day
534,2024-06-17,2024,6,June,2,25,Monday,False,False,Standard-Trading-Day
535,2024-06-18,2024,6,June,2,25,Tuesday,False,False,Standard-Trading-Day
536,2024-06-19,2024,6,June,2,25,Wednesday,False,False,Standard-Trading-Day
537,2024-06-20,2024,6,June,2,25,Thursday,False,False,Standard-Trading-Day
538,2024-06-21,2024,6,June,2,25,Friday,False,False,Standard-Trading-Day
539,2024-06-22,2024,6,June,2,25,Saturday,True,False,Standard-Trading-Day
540,2024-06-23,2024,6,June,2,25,Sunday,True,False,Standard-Trading-Day
541,2024-06-24,2024,6,June,2,26,Monday,False,False,Standard-Trading-Day
542,2024-06-25,2024,6,June,2,26,Tuesday,False,False,Standard-Trading-Day
543,2024-06-26,2024,6,June,2,26,Wednesday,False,False,Standard-Trading-Day
544,2024-06-27,2024,6,June,2,26,Thursday,False,False,Standard-Trading-Day
545,2024-06-28,2024,6,June,2,26,Friday,False,False,Standard-Trading-Day
546,2024-06-29,2024,6,June,2,26,Saturday,True,False,Standard-Trading-Day
547,2024-06-30,2024,6,June,2,26,Sunday,True,False,Standard-Trading-Day
548,2024-07-01,2024,7,July,3,27,Monday,False,False,School-Holiday
549,2024-07-02,2024,7,July,3,27,Tuesday,False,False,School-Holiday
550,2024-07-03,2024,7,July,3,27,Wednesday,False,False,School-Holiday
551,2024-07-04,2024,7,July,3,27,Thursday,False,False,School-Holiday
552,2024-07-05,2024,7,July,3,27,Friday,False,False,School-Holiday
553,2024-07-06,2024,7,July,3,27,Saturday,True,False,School-Holiday
554,2024-07-07,2024,7,July,3,27,Sunday,True,False,School-Holiday
555,2024-07-08,2024,7,July,3,28,Monday,False,False,School-Holiday
556,2024-07-09,2024,7,July,3,28,Tuesday,False,False,School-Holiday
557,2024-07-10,2024,7,July,3,28,Wednesday,False,False,School-Holiday
558,2024-07-11,2024,7,July,3,28,Thursday,False,False,School-Holiday
559,2024-07-12,2024,7,July,3,28,Friday,False,False,School-Holiday
560,2024-07-13,2024,7,July,3,28,Saturday,True,False,School-Holiday
561,2024-07-14,2024,7,July,3,28,Sunday,True,False,School-Holiday
562,2024-07-15,2024,7,July,3,29,Monday,False,False,School-Holiday
563,2024-07-16,2024,7,July,3,29,Tuesday,False,False,School-Holiday
564,2024-07-17,2024,7,July,3,29,Wednesday,False,False,School-Holiday
565,2024-07-18,2024,7,July,3,29,Thursday,False,False,School-Holiday
566,2024-07-19,2024,7,July,3,29,Friday,False,False,School-Holiday
567,2024-07-20,2024,7,July,3,29,Saturday,True,False,School-Holiday
568,2024-07-21,2024,7,July,3,29,Sunday,True,False,School-Holiday
569,2024-07-22,2024,7,July,3,30,Monday,False,False,School-Holiday
570,2024-07-23,2024,7,July,3,30,Tuesday,False,False,School-Holiday
571,2024-07-24,2024,7,July,3,30,Wednesday,False,False,School-Holiday
572,2024-07-25,2024,7,July,3,30,Thursday,False,False,School-Holiday
573,2024-07-26,2024,7,July,3,30,Friday,False,False,School-Holiday
574,2024-07-27,2024,7,July,3,30,Saturday,True,False,School-Holiday
575,2024-07-28,2024,7,July,3,30,Sunday,True,False,School-Holiday
576,2024-07-29,2024,7,July,3,31,Monday,False,False,School-Holiday
577,2024-07-30,2024,7,July,3,31,Tuesday,False,False,School-Holiday
578,2024-07-31,2024,7,July,3,31,Wednesday,False,False,School-Holiday
579,2024-08-01,2024,8,August,3,31,Thursday,False,False,School-Holiday
580,2024-08-02,2024,8,August,3,31,Friday,False,False,School-Holiday
581,2024-08-03,2024,8,August,3,31,Saturday,True,False,School-Holiday
582,2024-08-04,2024,8,August,3,31,Sunday,True,False,School-Holiday
583,2024-08-05,2024,8,August,3,32,Monday,False,False,School-Holiday
584,2024-08-06,2024,8,August,3,32,Tuesday,False,False,School-Holiday
585,2024-08-07,2024,8,August,3,32,Wednesday,False,False,School-Holiday
586,2024-08-08,2024,8,August,3,32,Thursday,False,False,School-Holiday
587,2024-08-09,2024,8,August,3,32,Friday,False,False,School-Holiday
588,2024-08-10,2024,8,August,3,32,Saturday,True,False,School-Holiday
589,2024-08-11,2024,8,August,3,32,Sunday,True,False,School-Holiday
590,2024-08-12,2024,8,August,3,33,Monday,False,False,School-Holiday
591,2024-08-13,2024,8,August,3,33,Tuesday,False,False,School-Holiday
592,2024-08-14,2024,8,August,3,33,Wednesday,False,False,School-Holiday
593,2024-08-15,2024,8,August,3,33,Thursday,False,False,School-Holiday
594,2024-08-16,2024,8,August,3,33,Friday,False,False,School-Holiday
595,2024-08-17,2024,8,August,3,33,Saturday,True,False,School-Holiday
596,2024-08-18,2024,8,August,3,33,Sunday,True,False,School-Holiday
597,2024-08-19,2024,8,August,3,34,Monday,False,False,School-Holiday
598,2024-08-20,2024,8,August,3,34,Tuesday,False,False,School-Holiday
599,2024-08-21,2024,8,August,3,34,Wednesday,False,False,School-Holiday
600,2024-08-22,2024,8,August,3,34,Thursday,False,False,School-Holiday
601,2024-08-23,2024,8,August,3,34,Friday,False,False,School-Holiday
602,2024-08-24,2024,8,August,3,34,Saturday,True,False,School-Holiday
603,2024-08-25,2024,8,August,3,34,Sunday,True,False,School-Holiday
604,2024-08-26,2024,8,August,3,35,Monday,False,True,Bank-Holiday
605,2024-08-27,2024,8,August,3,35,Tuesday,False,False,School-Holiday
606,2024-08-28,2024,8,August,3,35,Wednesday,False,False,School-Holiday
607,2024-08-29,2024,8,August,3,35,Thursday,False,False,School-Holiday
608,2024-08-30,2024,8,August,3,35,Friday,False,False,School-Holiday
609,2024-08-31,2024,8,August,3,35,Saturday,True,False,School-Holiday
610,2024-09-01,2024,9,September,3,35,Sunday,True,False,Standard-Trading-Day
611,2024-09-02,2024,9,September,3,36,Monday,False,False,Standard-Trading-Day
612,2024-09-03,2024,9,September,3,36,Tuesday,False,False,Standard-Trading-Day
613,2024-09-04,2024,9,September,3,36,Wednesday,False,False,Standard-Trading-Day
614,2024-09-05,2024,9,September,3,36,Thursday,False,False,Standard-Trading-Day
615,2024-09-06,2024,9,September,3,36,Friday,False,False,Standard-Trading-Day
616,2024-09-07,2024,9,September,3,36,Saturday,True,False,Standard-Trading-Day
617,2024-09-08,2024,9,September,3,36,Sunday,True,False,Standard-Trading-Day
618,2024-09-09,2024,9,September,3,37,Monday,False,False,Standard-Trading-Day
619,2024-09-10,2024,9,September,3,37,Tuesday,False,False,Standard-Trading-Day
620,2024-09-11,2024,9,September,3,37,Wednesday,False,False,Standard-Trading-Day
621,2024-09-12,2024,9,September,3,37,Thursday,False,False,Standard-Trading-Day
622,2024-09-13,2024,9,September,3,37,Friday,False,False,Standard-Trading-Day
623,2024-09-14,2024,9,September,3,37,Saturday,True,False,Standard-Trading-Day
624,2024-09-15,2024,9,September,3,37,Sunday,True,False,Standard-Trading-Day
625,2024-09-16,2024,9,September,3,38,Monday,False,False,Standard-Trading-Day
626,2024-09-17,2024,9,September,3,38,Tuesday,False,False,Standard-Trading-Day
627,2024-09-18,2024,9,September,3,38,Wednesday,False,False,Standard-Trading-Day
628,2024-09-19,2024,9,September,3,38,Thursday,False,False,Standard-Trading-Day
629,2024-09-20,2024,9,September,3,38,Friday,False,False,Standard-Trading-Day
630,2024-09-21,2024,9,September,3,38,Saturday,True,False,Standard-Trading-Day
631,2024-09-22,2024,9,September,3,38,Sunday,True,False,Standard-Trading-Day
632,2024-09-23,2024,9,September,3,39,Monday,False,False,Standard-Trading-Day
633,2024-09-24,2024,9,September,3,39,Tuesday,False,False,Standard-Trading-Day
634,2024-09-25,2024,9,September,3,39,Wednesday,False,False,Standard-Trading-Day
635,2024-09-26,2024,9,September,3,39,Thursday,False,False,Standard-Trading-Day
636,2024-09-27,2024,9,September,3,39,Friday,False,False,Standard-Trading-Day
637,2024-09-28,2024,9,September,3,39,Saturday,True,False,Standard-Trading-Day
638,2024-09-29,2024,9,September,3,39,Sunday,True,False,Standard-Trading-Day
639,2024-09-30,2024,9,September,3,40,Monday,False,False,Standard-Trading-Day
640,2024-10-01,2024,10,October,4,40,Tuesday,False,False,Standard-Trading-Day
641,2024-10-02,2024,10,October,4,40,Wednesday,False,False,Standard-Trading-Day
642,2024-10-03,2024,10,October,4,40,Thursday,False,False,Standard-Trading-Day
643,2024-10-04,2024,10,October,4,40,Friday,False,False,Standard-Trading-Day
644,2024-10-05,2024,10,October,4,40,Saturday,True,False,Standard-Trading-Day
645,2024-10-06,2024,10,October,4,40,Sunday,True,False,Standard-Trading-Day
646,2024-10-07,2024,10,October,4,41,Monday,False,False,Standard-Trading-Day
647,2024-10-08,2024,10,October,4,41,Tuesday,False,False,Standard-Trading-Day
648,2024-10-09,2024,10,October,4,41,Wednesday,False,False,Standard-Trading-Day
649,2024-10-10,2024,10,October,4,41,Thursday,False,False,Standard-Trading-Day
650,2024-10-11,2024,10,October,4,41,Friday,False,False,Standard-Trading-Day
651,2024-10-12,2024,10,October,4,41,Saturday,True,False,Standard-Trading-Day
652,2024-10-13,2024,10,October,4,41,Sunday,True,False,Standard-Trading-Day
653,2024-10-14,2024,10,October,4,42,Monday,False,False,Standard-Trading-Day
654,2024-10-15,2024,10,October,4,42,Tuesday,False,False,Standard-Trading-Day
655,2024-10-16,2024,10,October,4,42,Wednesday,False,False,Standard-Trading-Day
656,2024-10-17,2024,10,October,4,42,Thursday,False,False,Standard-Trading-Day
657,2024-10-18,2024,10,October,4,42,Friday,False,False,Standard-Trading-Day
658,2024-10-19,2024,10,October,4,42,Saturday,True,False,Standard-Trading-Day
659,2024-10-20,2024,10,October,4,42,Sunday,True,False,Standard-Trading-Day
660,2024-10-21,2024,10,October,4,43,Monday,False,False,Standard-Trading-Day
661,2024-10-22,2024,10,October,4,43,Tuesday,False,False,School-Holiday
662,2024-10-23,2024,10,October,4,43,Wednesday,False,False,School-Holiday
663,2024-10-24,2024,10,October,4,43,Thursday,False,False,School-Holiday
664,2024-10-25,2024,10,October,4,43,Friday,False,False,School-Holiday
665,2024-10-26,2024,10,October,4,43,Saturday,True,False,School-Holiday
666,2024-10-27,2024,10,October,4,43,Sunday,True,False,School-Holiday
667,2024-10-28,2024,10,October,4,44,Monday,False,False,School-Holiday
668,2024-10-29,2024,10,October,4,44,Tuesday,False,False,School-Holiday
669,2024-10-30,2024,10,October,4,44,Wednesday,False,False,School-Holiday
670,2024-10-31,2024,10,October,4,44,Thursday,False,False,School-Holiday
671,2024-11-01,2024,11,November,4,44,Friday,False,False,Standard-Trading-Day
672,2024-11-02,2024,11,November,4,44,Saturday,True,False,Standard-Trading-Day
673,2024-11-03,2024,11,November,4,44,Sunday,True,False,Standard-Trading-Day
674,2024-11-04,2024,11,November,4,45,Monday,False,False,Standard-Trading-Day
675,2024-11-05,2024,11,November,4,45,Tuesday,False,False,Standard-Trading-Day
676,2024-11-06,2024,11,November,4,45,Wednesday,False,False,Standard-Trading-Day
677,2024-11-07,2024,11,November,4,45,Thursday,False,False,Standard-Trading-Day
678,2024-11-08,2024,11,November,4,45,Friday,False,False,Standard-Trading-Day
679,2024-11-09,2024,11,November,4,45,Saturday,True,False,Standard-Trading-Day
680,2024-11-10,2024,11,November,4,45,Sunday,True,False,Standard-Trading-Day
681,2024-11-11,2024,11,November,4,46,Monday,False,False,Standard-Trading-Day
682,2024-11-12,2024,11,November,4,46,Tuesday,False,False,Standard-Trading-Day
683,2024-11-13,2024,11,November,4,46,Wednesday,False,False,Standard-Trading-Day
684,2024-11-14,2024,11,November,4,46,Thursday,False,False,Standard-Trading-Day
685,2024-11-15,2024,11,November,4,46,Friday,False,False,Standard-Trading-Day
686,2024-11-16,2024,11,November,4,46,Saturday,True,False,Standard-Trading-Day
687,2024-11-17,2024,11,November,4,46,Sunday,True,False,Standard-Trading-Day
688,2024-11-18,2024,11,November,4,47,Monday,False,False,Standard-Trading-Day
689,2024-11-19,2024,11,November,4,47,Tuesday,False,False,Standard-Trading-Day
690,2024-11-20,2024,11,November,4,47,Wednesday,False,False,Standard-Trading-Day
691,2024-11-21,2024,11,November,4,47,Thursday,False,False,Standard-Trading-Day
692,2024-11-22,2024,11,November,4,47,Friday,False,False,Standard-Trading-Day
693,2024-11-23,2024,11,November,4,47,Saturday,True,False,Standard-Trading-Day
694,2024-11-24,2024,11,November,4,47,Sunday,True,False,Standard-Trading-Day
695,2024-11-25,2024,11,November,4,48,Monday,False,False,Standard-Trading-Day
696,2024-11-26,2024,11,November,4,48,Tuesday,False,False,Standard-Trading-Day
697,2024-11-27,2024,11,November,4,48,Wednesday,False,False,Standard-Trading-Day
698,2024-11-28,2024,11,November,4,48,Thursday,False,False,Standard-Trading-Day
699,2024-11-29,2024,11,November,4,48,Friday,False,False,Standard-Trading-Day
700,2024-11-30,2024,11,November,4,48,Saturday,True,False,Standard-Trading-Day
701,2024-12-01,2024,12,December,4,48,Sunday,True,False,Standard-Trading-Day
702,2024-12-02,2024,12,December,4,49,Monday,False,False,Standard-Trading-Day
703,2024-12-03,2024,12,December,4,49,Tuesday,False,False,Standard-Trading-Day
704,2024-12-04,2024,12,December,4,49,Wednesday,False,False,Standard-Trading-Day
705,2024-12-05,2024,12,December,4,49,Thursday,False,False,Standard-Trading-Day
706,2024-12-06,2024,12,December,4,49,Friday,False,False,Standard-Trading-Day
707,2024-12-07,2024,12,December,4,49,Saturday,True,False,Standard-Trading-Day
708,2024-12-08,2024,12,December,4,49,Sunday,True,False,Standard-Trading-Day
709,2024-12-09,2024,12,December,4,50,Monday,False,False,Standard-Trading-Day
710,2024-12-10,2024,12,December,4,50,Tuesday,False,False,Standard-Trading-Day
711,2024-12-11,2024,12,December,4,50,Wednesday,False,False,Standard-Trading-Day
712,2024-12-12,2024,12,December,4,50,Thursday,False,False,Standard-Trading-Day
713,2024-12-13,2024,12,December,4,50,Friday,False,False,Standard-Trading-Day
714,2024-12-14,2024,12,December,4,50,Saturday,True,False,Standard-Trading-Day
715,2024-12-15,2024,12,December,4,50,Sunday,True,False,Standard-Trading-Day
716,2024-12-16,2024,12,December,4,51,Monday,False,False,Standard-Trading-Day
717,2024-12-17,2024,12,December,4,51,Tuesday,False,False,Standard-Trading-Day
718,2024-12-18,2024,12,December,4,51,Wednesday,False,False,Standard-Trading-Day
719,2024-12-19,2024,12,December,4,51,Thursday,False,False,Standard-Trading-Day
720,2024-12-20,2024,12,December,4,51,Friday,False,False,School-Holiday
721,2024-12-21,2024,12,December,4,51,Saturday,True,False,School-Holiday
722,2024-12-22,2024,12,December,4,51,Sunday,True,False,School-Holiday
723,2024-12-23,2024,12,December,4,52,Monday,False,False,School-Holiday
724,2024-12-24,2024,12,December,4,52,Tuesday,False,False,Christmas-Period
725,2024-12-25,2024,12,December,4,52,Wednesday,False,True,Christmas-Period
726,2024-12-26,2024,12,December,4,52,Thursday,False,True,Christmas-Period
727,2024-12-27,2024,12,December,4,52,Friday,False,False,Christmas-Period
728,2024-12-28,2024,12,December,4,52,Saturday,True,False,Christmas-Period
729,2024-12-29,2024,12,December,4,52,Sunday,True,False,Christmas-Period
730,2024-12-30,2024,12,December,4,1,Monday,False,False,Christmas-Period
