product_id,product_name,product_category,unit_price_gbp,unit_cost_gbp,gross_margin_pct,is_loyalty_eligible,product_status,launch_date
1,Flat White,Espresso-Drinks,3.8,0.55,0.855,True,Active,
2,Cappuccino,Espresso-Drinks,3.6,0.55,0.847,True,Active,
3,Latte,Espresso-Drinks,3.9,0.58,0.851,True,Active,
4,Americano,Espresso-Drinks,3.2,0.4,0.875,True,Active,
5,Espresso,Espresso-Drinks,2.5,0.38,0.848,True,Active,
6,Macchiato,Espresso-Drinks,3.4,0.5,0.853,True,Active,
7,Oat Latte,Espresso-Drinks,4.4,0.85,0.807,True,Active,
8,Mocha,Espresso-Drinks,4.1,0.7,0.829,True,Active,
9,Iced Latte,Espresso-Drinks,4.2,0.75,0.821,True,Active,
10,Cortado,Espresso-Drinks,3.5,0.52,0.851,True,Active,
11,Pumpkin Spice Latte,Espresso-Drinks,4.8,0.9,0.812,True,Seasonal,2023-09-01
12,Festive Latte,Espresso-Drinks,4.8,0.88,0.817,True,Seasonal,2023-01-01
13,Filter Black,Filter-Coffee,2.8,0.28,0.9,True,Active,
14,Batch Brew,Filter-Coffee,2.6,0.25,0.904,True,Active,
15,Cold Brew,Filter-Coffee,3.5,0.45,0.871,True,Active,
16,Pour-Over,Filter-Coffee,4.2,0.6,0.857,True,Active,
17,Croissant,Food,2.8,0.7,0.75,True,Active,
18,Pain au Chocolat,Food,2.9,0.72,0.752,True,Active,
19,Banana Bread,Food,3.2,0.8,0.75,True,Active,
20,Blueberry Muffin,Food,2.9,0.75,0.741,True,Active,
21,Toasted Sandwich,Food,4.8,1.4,0.708,True,Active,
22,Granola Pot,Food,3.5,0.9,0.743,True,Active,
23,Egg & Cress Sandwich,Food,4.2,1.2,0.714,True,Active,
24,Chocolate Brownie,Food,2.5,0.65,0.74,True,Active,
25,Flapjack,Food,2.2,0.55,0.75,True,Active,
26,Christmas Mince Pie,Food,1.8,0.45,0.75,True,Seasonal,2023-09-01
27,Single Origin Ethiopia 250g,Retail-Beans,9.5,3.2,0.663,True,Active,
28,Single Origin Colombia 250g,Retail-Beans,9.0,3.0,0.667,True,Active,
29,Sunrise Blend 250g,Retail-Beans,8.0,2.5,0.688,True,Active,
30,Sunrise Blend 1kg,Retail-Beans,28.0,8.8,0.686,True,Active,
31,Single Origin Ethiopia 1kg,Retail-Beans,34.0,11.0,0.676,True,Active,
32,Ground Blend 250g,Retail-Beans,8.5,2.6,0.694,True,Active,
33,Decaf Blend 250g,Retail-Beans,8.8,2.8,0.682,True,Active,
34,Christmas Blend 250g,Retail-Beans,10.0,3.4,0.66,True,Seasonal,2023-09-01
35,Iced Tea,Cold-Drinks,3.2,0.6,0.812,False,Active,
36,Fresh Orange Juice,Cold-Drinks,3.5,0.8,0.771,False,Active,
37,Sparkling Water,Cold-Drinks,2.0,0.3,0.85,False,Active,
38,Soft Drink,Cold-Drinks,2.5,0.45,0.82,False,Active,
39,Sunrise Keep Cup,Merchandise,14.0,4.5,0.679,False,Active,
40,Branded Tote Bag,Merchandise,8.0,2.2,0.725,False,Active,
